"","rf_test","V2"
"1",1,1
"2",1,1
"3",1,1
"4",1,1
"5",1,1
"6",1,1
"7",1,1
"8",2,2
"9",1,1
"10",1,1
"11",1,1
"12",1,1
"13",1,1
"14",1,1
"15",1,1
"16",1,1
"17",1,1
"18",1,1
"19",2,2
"20",1,1
"21",1,1
"22",2,2
"23",1,1
"24",2,1
"25",1,1
"26",1,1
"27",1,1
"28",1,1
"29",1,1
"30",1,1
"31",1,1
"32",1,1
"33",1,1
"34",1,1
"35",1,1
"36",1,1
"37",1,1
"38",1,1
"39",1,1
"40",1,1
"41",1,1
"42",1,1
"43",1,1
"44",1,1
"45",1,1
"46",1,1
"47",1,1
"48",1,1
"49",1,1
"50",2,2
"51",1,1
"52",1,1
"53",1,1
"54",1,1
"55",2,2
"56",1,1
"57",1,1
"58",1,1
"59",2,1
"60",1,1
"61",2,1
"62",1,1
"63",1,1
"64",1,1
"65",1,1
"66",2,2
"67",2,2
"68",1,1
"69",1,1
"70",1,1
"71",1,1
"72",1,2
"73",1,1
"74",1,1
"75",1,1
"76",1,1
"77",1,1
"78",1,1
"79",1,1
"80",1,1
"811",1,1
"82",1,1
"83",2,2
"84",1,1
"85",2,2
"86",2,2
"87",1,1
"88",2,2
"89",1,1
"90",1,1
"91",1,1
"92",1,1
"93",1,1
"94",1,1
"95",1,1
"96",1,1
"97",1,1
"98",1,1
"99",2,2
"100",1,1
"101",1,1
"102",1,1
"103",2,2
"104",2,2
"105",1,1
"106",1,1
"107",1,1
"108",1,1
"109",1,1
"110",2,2
"111",1,1
"112",1,1
"113",1,1
"114",2,2
"115",1,1
"116",2,2
"117",2,2
"118",2,2
"119",2,2
"120",2,2
"121",2,2
"122",2,2
"123",2,2
"124",2,2
"125",2,2
"126",2,2
"127",2,2
"128",2,2
"129",2,2
"130",2,2
"131",2,2
"132",2,2
"133",2,2
"134",2,2
"135",2,2
"136",2,2
"137",2,2
"138",2,2
"139",2,2
"140",2,2
"141",2,2
"142",2,2
"143",2,2
"144",2,2
"145",2,2
"146",2,2
"147",2,2
"148",2,2
"149",2,2
"150",2,2
"151",2,2
"152",2,2
"153",2,2
"154",2,2
"155",2,2
"156",2,2
"157",2,2
"158",2,2
"159",2,2
"160",2,2
"161",2,2
"162",2,2
"163",2,2
"164",2,2
"165",2,2
"166",2,2
"167",2,2
"168",2,2
"169",2,2
"170",2,2
"171",2,2
"172",2,2
"173",2,2
"174",2,2
"175",2,2
"176",2,2
"177",2,2
"178",2,2
"179",2,2
"180",2,2
"181",2,2
"182",2,2
"183",2,2
"184",2,2
"185",2,2
"186",2,2
"187",2,2
"188",2,2
"189",2,2
"190",2,2
"191",2,2
"192",2,2
"193",2,2
"194",2,2
"195",2,2
"196",2,2
"197",2,2
"198",2,2
"199",2,2
"200",2,2
"201",2,2
"202",2,2
"203",2,2
"204",2,2
"205",2,2
"206",2,2
"207",2,2
"208",2,2
